{
  "financas1": "Fin1@GF2023",
  "financas2": "Fin2@GF2023",
  "financas3": "Fin3@GF2023",
  
  "marketing1": "Mkt1@GF2023",
  "marketing2": "Mkt2@GF2023",
  "marketing3": "Mkt3@GF2023",
  
  "novos_negocios1": "NN1@GF2023",
  "novos_negocios2": "NN2@GF2023",
  "novos_negocios3": "NN3@GF2023",
  
  "rh1": "RH1@GF2023",
  "rh2": "RH2@GF2023",
  "rh3": "RH3@GF2023",
  
  "logistica1": "Log1@GF2023",
  "logistica2": "Log2@GF2023",
  "logistica3": "Log3@GF2023",
  
  "administrativa1": "Adm1@GF2023",
  "administrativa2": "Adm2@GF2023",
  "administrativa3": "Adm3@GF2023"
}